Outfall_ID,Survey::Survey_Date,Water Temp,Air Temp,Temp_Difference,DO,Conductivity,salinity,ph,Turbidity,E. coli at 100ml,Survey::Rainfall last 24 hr,Outfall List::latitude,Outfall List::longitude
Bennett Ave,02/03/2021,10.1,8.89,1.21,11.09,212.1,0.1,7.44,9,340,,48.7264,-122.5062
Bennett Ave,03/16/2021,10.1,9.4,0.7,10.19,293.2,0.14,7.81,9,7040,,48.7264,-122.5062
Bennett Ave,04/15/2021,11.8,20,-8.2,,303.3,0.15,7.46,9,760,,48.7264,-122.5062
Bennett Ave,05/11/2021,13.6,17.3,-3.7,,240,0.15,7.6,9,460,,48.7264,-122.5062
Bennett Ave,06/08/2021,14.4,22.1,-7.7,10.2,282.6,0.14,7.6,9,280,,48.7264,-122.5062
Bennett Ave,07/06/2021,16.6,22.2,-5.6,9.33,236.4,0.13,7.46,9,1540,,48.7264,-122.5062
Bennett Ave,08/11/2021,17.9,22.3,-4.4,9.3,322.3,0.15,7.38,9,2560,,48.7264,-122.5062
Bennett Ave,09/07/2021,16.8,22.8,-6,10.45,353.4,0.17,7.83,9,180,,48.7264,-122.5062
Bennett Ave,10/04/2021,15.2,14.2,1,9.88,303.2,0.15,7.81,9,540,,48.7264,-122.5062
Bennett Ave,11/01/2021,13.1,7.22,5.88,10,273.5,0.13,7.79,9,420,,48.7264,-122.5062
Bennett Ave,12/01/2021,11.8,13.9,-2.1,11.87,79.9,0.04,7.18,9,260,,48.7264,-122.5062
Bennett Ave,01/13/2022,9.8,5.5,4.3,11.51,254.5,0.12,7.65,9,1000,,48.7264,-122.5062
Bennett Ave,01/13/2022,9.9,5.5,4.4,11.46,254.4,0.12,7.63,9,1280,,48.7264,-122.5062
Bennett Ave,02/24/2022,8.8,3,5.8,12.05,306.3,0.15,8.03,9,420,,48.7264,-122.5062
Bennett Ave,02/24/2022,8.9,3,5.9,11.75,308.6,0.15,7.98,9,360,,48.7264,-122.5062
Bennett Ave,03/24/2022,10.5,15.2,-4.7,11.65,232.1,0.11,7.7,9,1040,,48.7264,-122.5062
Bennett Ave,04/18/2022,11,13.7,-2.7,10.87,252,0.12,7.5,9,220,,48.7264,-122.5062
Bennett Ave,05/18/2022,12,12.2,-0.2,10.56,223.9,0.11,8.11,9,480,,48.7264,-122.5062
Bennett Ave,06/15/2022,13.9,19.1,-5.2,10.1,247.1,0.12,7.56,9,220,,48.7264,-122.5062
Bennett Ave,07/26/2022,17,23.1,-6.1,10.03,294.7,0.14,7.61,9,20480,,48.7264,-122.5062
Bennett Ave,08/25/2022,18.3,23.5,-5.2,9.48,411.2,0.2,7.65,9,2400,,48.7264,-122.5062
Bennett Ave,09/07/2022,17.2,15.5,1.7,6.33,339.9,0.15,7.33,9,0,,48.7264,-122.5062
Bennett Ave,10/04/2022,16.2,13,3.2,9.59,273,0.13,8.13,9,14700,,48.7264,-122.5062
Bennett Ave,11/07/2022,12.7,1.1,11.6,10.4,238.6,0.11,8.27,9,600,,48.7264,-122.5062
Bennett Ave,12/05/2022,10.6,5.8,4.8,10.93,254.4,0.12,8.21,9,500,,48.7264,-122.5062
Bennett Ave,01/03/2023,10.3,4.8,5.5,11.64,243.4,0.12,7.65,9,5000,,48.7264,-122.5062
Bennett Ave,02/15/2023,9.5,6.7,2.8,12.11,287.9,0.14,7.36,9,178,,48.7264,-122.5062
Bennett Ave,03/15/2023,9.8,9,0.8,12.4,308.5,0.15,6.97,9,700,,48.7264,-122.5062
Bennett Ave,04/11/2023,10.4,10,0.4,,268.7,0.13,7.93,9,470,,48.7264,-122.5062
Bennett Ave,05/12/2023,13.5,21,-7.5,,398.2,0.19,7.16,9,55,,48.7264,-122.5062
Bennett Ave,06/06/2023,15.2,21.1,-5.9,,910,0.45,7.5,9,315,,48.7264,-122.5062
Bennett Ave,07/18/2023,17.2,24.7,-7.5,9.11,467.7,0.23,7.99,2.14,130,,48.7264,-122.5062
Bennett Ave,08/01/2023,17.6,21.6,-4,9.12,454.5,0.22,8.06,0,30,,48.7264,-122.5062
Bennett Ave,09/27/2023,16.1,14.2,1.9,8.21,697,0.34,7.65,0,,,48.7264,-122.5062
Bennett Ave,10/26/2023,13.1,6.2,6.9,10.42,267.1,0.13,7.84,2.21,,0,48.7264,-122.5062
Bennett Ave,10/26/2023,,,,,,,,,,0,48.7264,-122.5062
Bennett Ave,11/22/2023,11.3,8.6,2.7,7.44,221.2,0.11,7.85,0,155,0.21,48.7264,-122.5062
Bennett Ave,11/22/2023,11.8,8.6,3.2,7.31,222.2,0.11,7.83,0,,0.21,48.7264,-122.5062
Bennett Ave,11/22/2023,,,,,,,,,,0.21,48.7264,-122.5062
Bennett Ave,12/13/2023,11.3,6.7,4.6,7.47,256.3,0.15,7.61,0,1060,0.07,48.7264,-122.5062
Bennett Ave,12/13/2023,,,,,,,,,,0.07,48.7264,-122.5062
Bennett Ave,01/08/2024,7.1,7.4,-0.3,9.57,88.5,0.04,7.2,5.98,315,0.4,48.7264,-122.5062
Bennett Ave,02/07/2024,9.7,8.1,1.6,11.8,317.14,0.15,7.57,3.13,175,0.02,48.7264,-122.5062
Bennett Ave,02/07/2024,9.7,9.2,0.5,11.5,320,0.15,7.75,1.13,185,0.02,48.7264,-122.5062
Bennett Ave,02/07/2024,,,,,,,,,,0.02,48.7264,-122.5062
Bennett Ave,03/18/2024,10.4,14,-3.6,12.16,270.8,0.13,7.4,0,3000,0,48.7264,-122.5062
Bennett Ave,04/15/2024,11.1,15.7,-4.6,11.46,306.2,0.15,7.76,0,350,0.01,48.7264,-122.5062
Bennett Ave,05/15/2024,13.1,20,-6.9,10.56,291.8,0.14,7.8,12.23,12121,0,48.7264,-122.5062
Bennett Ave,06/25/2024,15.1,25.7,-10.6,9.92,275.7,0.13,7.28,0.75,3030,0.09,48.7264,-122.5062
Bennett Ave,07/23/2024,16,22.8,-6.8,8.94,320.1,0.16,7.3,0.28,2065,0,48.7264,-122.5062
Bennett Ave,08/06/2024,16.2,23.9,-7.7,9.61,325,0.16,7.79,,1265,0,48.7264,-122.5062
Bennett Ave,08/06/2024,16.1,23.9,-7.8,9.55,391.2,0.19,7.61,,600,0,48.7264,-122.5062
Bennett Ave,09/16/2024,16,19.1,-3.1,9.36,379.7,0.18,7.82,0,300,0,48.7264,-122.5062
Bennett Ave,10/13/2024,14.8,12,2.8,7.74,303,0.15,7.13,0,367,0,48.7264,-122.5062
Bennett Ave,10/13/2024,14.9,12,2.9,9.14,303,0.15,7.37,0,67,0,48.7264,-122.5062
Bennett Ave,11/13/2024,12.6,13.7,-1.1,10.72,631,0.31,7.48,0,599,1.05,48.7264,-122.5062
Bennett Ave,11/13/2024,12.7,13.7,-1,10.92,212.9,0.1,7.61,0,466,1.05,48.7264,-122.5062
Bennett Ave,12/11/2024,10.6,5.7,4.9,9.92,318.6,0.15,8.54,,5628,0,48.7264,-122.5062
Bennett Ave,12/11/2024,10.7,7.2,3.5,10.3,352.5,0.17,8.65,,,0,48.7264,-122.5062
Broadway St,02/03/2021,8.7,8.89,-0.19,11.51,249.2,0.12,7.55,9,260,,48.7557,-122.4923
Broadway St,02/03/2021,8.7,8.89,-0.19,11.13,247.7,0.12,7.45,9,300,,48.7557,-122.4923
Broadway St,03/16/2021,9,9.4,-0.4,7.22,393.1,0.19,7.3,9,60,,48.7557,-122.4923
Broadway St,04/15/2021,11.4,20,-8.6,,222.8,0.11,6.84,9,20,,48.7557,-122.4923
Broadway St,04/15/2021,10.7,20,-9.3,,393.3,0.11,6.9,9,20,,48.7557,-122.4923
Broadway St,05/11/2021,13.9,17.3,-3.4,,340.7,0.16,6.96,9,40,,48.7557,-122.4923
Broadway St,06/08/2021,15.1,22.1,-7,9.58,417.4,0.2,7,9,60,,48.7557,-122.4923
Broadway St,07/06/2021,17.2,22.2,-5,8.99,453.3,0.22,7.26,9,40,,48.7557,-122.4923
Broadway St,08/11/2021,18.1,22.3,-4.2,9.23,498.1,0.24,7.09,9,20,,48.7557,-122.4923
Broadway St,09/07/2021,17.2,16.5,0.7,9.71,462.8,0.22,7.46,9,60,,48.7557,-122.4923
Broadway St,10/04/2021,16,14.2,1.8,9.3,366.4,0.18,7.14,9,20,,48.7557,-122.4923
Broadway St,10/04/2021,16,14.2,1.8,9.12,361.4,0.17,7.22,9,20,,48.7557,-122.4923
Broadway St,11/01/2021,13.2,7.22,5.98,9.84,328.8,0.16,7.57,9,120,,48.7557,-122.4923
Broadway St,12/01/2021,11.7,13.9,-2.2,12.06,149.2,0.07,7.26,9,600,,48.7557,-122.4923
Broadway St,12/01/2021,11.7,13.9,-2.2,11.8,149.2,0.07,7.23,9,280,,48.7557,-122.4923
Broadway St,01/13/2022,8.3,5.5,2.8,11.76,276.8,0.13,7.44,9,280,,48.7557,-122.4923
Broadway St,02/24/2022,8,3,5,11.21,789,0.39,7.77,9,40,,48.7557,-122.4923
Broadway St,03/24/2022,9.5,15.2,-5.7,11.75,273.9,0.13,7.45,9,100,,48.7557,-122.4923
Broadway St,04/18/2022,10.5,13.7,-3.2,10.66,347.8,0.17,7.52,9,20,,48.7557,-122.4923
Broadway St,05/18/2022,12.3,12.2,0.1,10.39,224.9,0.11,7.93,9,480,,48.7557,-122.4923
Broadway St,06/15/2022,14.3,19.1,-4.8,9.89,329.3,0.16,7.37,9,240,,48.7557,-122.4923
Broadway St,07/26/2022,17.6,23.1,-5.5,9.85,425,0.2,7.39,9,0,,48.7557,-122.4923
Broadway St,07/26/2022,17.5,23.1,-5.6,9.67,428.8,0.21,7.29,9,60,,48.7557,-122.4923
Broadway St,08/15/2022,18,23.3,-5.3,9.37,600,0.29,7.73,9,1380,,48.7557,-122.4923
Broadway St,09/06/2022,17.1,14.6,2.5,6.94,501.1,0.24,7.7,9,0,,48.7557,-122.4923
Broadway St,10/04/2022,16.1,13,3.1,9.33,446.3,0.22,7.76,9,100,,48.7557,-122.4923
Broadway St,11/07/2022,12.6,1.1,11.5,10.42,290.7,0.14,8.29,9,1900,,48.7557,-122.4923
Broadway St,12/05/2022,9.4,5.8,3.6,11.43,402.5,0.19,6.94,9,68,,48.7557,-122.4923
Broadway St,01/03/2023,8.7,4.8,3.9,11.43,322.6,0.15,7.58,9,50,,48.7557,-122.4923
Broadway St,02/15/2023,8.7,6.7,2,12.41,318.7,0.15,7.35,9,6,,48.7557,-122.4923
Broadway St,03/14/2023,8.6,10,-1.4,12.46,279.5,0.13,6.57,9,200,,48.7557,-122.4923
Broadway St,04/12/2023,10.1,8,2.1,11.26,230.9,0.11,7.46,9,25,,48.7557,-122.4923
Broadway St,05/09/2023,12.4,13,-0.6,,383.9,0.19,8.41,9,40,,48.7557,-122.4923
Broadway St,06/06/2023,15.5,21.1,-5.6,,397.9,0.19,7.1,9,20,,48.7557,-122.4923
Broadway St,07/19/2023,17.5,24,-6.5,9.13,442.1,0.21,7.67,10.26,100,,48.7557,-122.4923
Broadway St,07/19/2023,17.3,24,-6.7,9.17,433.1,0.21,7.83,8.17,165,,48.7557,-122.4923
Broadway St,08/02/2023,18.1,19.7,-1.6,8.77,500,0.24,7.53,11.09,260,,48.7557,-122.4923
Broadway St,09/25/2023,16.8,16.3,0.5,7.62,303.7,0.15,7.54,12.97,110,,48.7557,-122.4923
Broadway St,10/11/2023,15.3,13.1,2.2,8.08,441.3,0.21,7.24,0.99,,0.19,48.7557,-122.4923
Broadway St,10/11/2023,,,,,,,,,,0.19,48.7557,-122.4923
Broadway St,11/13/2023,12.4,6.7,5.7,10.2,280.4,0.13,7.33,2.07,320,0.2,48.7557,-122.4923
Broadway St,11/13/2023,,,,,,,,,,0.2,48.7557,-122.4923
Broadway St,12/13/2023,9.7,8.4,1.3,11.06,241.2,0.12,7.24,4.75,115,0.07,48.7557,-122.4923
Broadway St,12/13/2023,,,,,,,,,,0.07,48.7557,-122.4923
Broadway St,01/23/2024,5.6,7.3,-1.7,12.9,302.5,0.14,7.07,2.44,175,0.04,48.7557,-122.4923
Broadway St,01/23/2024,5.6,7.3,-1.7,12.71,302.6,0.14,7.17,3.08,135,0.04,48.7557,-122.4923
Broadway St,02/15/2024,8.6,6,2.6,12.04,374.2,0.18,7.38,0,125,0,48.7557,-122.4923
Broadway St,02/15/2024,,,,,,,,,,0,48.7557,-122.4923
Broadway St,03/13/2024,8.8,13.5,-4.7,113.7,381.3,0.18,7.42,3.56,0,0,48.7557,-122.4923
Broadway St,04/10/2024,10.8,27.5,-16.7,9.67,284.6,0.14,7.19,4.15,150,0,48.7557,-122.4923
Broadway St,05/22/2024,13.8,18.5,-4.7,10.03,282.1,0.14,7.2,5.35,966,0.55,48.7557,-122.4923
Broadway St,07/01/2024,15.2,22.7,-7.5,9.78,426.9,0.21,7.35,0,100,0,48.7557,-122.4923
Broadway St,07/01/2024,15.1,22.7,-7.6,9.71,413.8,0.2,7.4,0,,0,48.7557,-122.4923
Broadway St,07/30/2024,18.6,20.2,-1.6,9.56,157.1,0.07,7.28,3.86,2764,0.7,48.7557,-122.4923
Broadway St,08/30/2024,16.4,13.2,3.2,9.29,410.1,0.2,7.54,3.95,266,0,48.7557,-122.4923
Broadway St,09/17/2024,16.4,25.1,-8.7,9.44,409.2,0.2,7.25,4.33,33,0,48.7557,-122.4923
Broadway St,10/14/2024,15,18.3,-3.3,9.71,352.3,0.17,7.3,2.36,33,0,48.7557,-122.4923
Broadway St,11/14/2024,12.1,7.8,4.3,11.11,241.4,0.12,7.33,14.49,67,0.3,48.7557,-122.4923
Broadway St,12/12/2024,10.5,8.1,2.4,11.75,336.9,0.16,8.11,,0,0.14,48.7557,-122.4923
Broadway St,12/12/2024,10.5,7.3,3.2,11.27,331.7,0.16,8.1,,,0.14,48.7557,-122.4923
C St,12/03/2020,9.4,7.78,1.62,6.47,299.42,,7.13,,,,48.7504,-122.4899
C St,02/03/2021,8.1,8.89,-0.79,10.17,3920,2.08,7.34,9,80,,48.7504,-122.4899
C St,03/16/2021,7.4,9.4,-2,11.65,611.6,0.3,7.68,9,100,,48.7504,-122.4899
C St,04/15/2021,10.9,20,-9.1,,520.7,0.25,7.18,9,60,,48.7504,-122.4899
C St,05/11/2021,13.6,17.3,-3.7,,1289,0.84,7.23,9,120,,48.7504,-122.4899
C St,05/11/2021,13.6,17.3,-3.7,,1173,0.76,7.3,9,40,,48.7504,-122.4899
C St,06/08/2021,14.9,22.1,-7.2,5.96,19660,11.75,7.26,9,40,,48.7504,-122.4899
C St,06/08/2021,14.6,22.1,-7.5,5.72,19610,11.72,7.22,9,40,,48.7504,-122.4899
C St,07/06/2021,18.4,22.2,-3.8,5.79,13789,8,7.48,9,240,,48.7504,-122.4899
C St,08/11/2021,20.9,22.3,-1.4,4.53,15377,8.99,7.04,9,260,,48.7504,-122.4899
C St,09/07/2021,17.9,22.8,-4.9,7.26,25338,15.49,7.54,9,160,,48.7504,-122.4899
C St,09/07/2021,17.8,22.8,-5,7.1,25340,15.5,7.59,9,180,,48.7504,-122.4899
C St,10/04/2021,14.9,14.2,0.7,7.23,2444,1.27,7.49,9,300,,48.7504,-122.4899
C St,11/01/2021,12.4,7.22,5.18,7.96,1774,0.91,7.43,9,140,,48.7504,-122.4899
C St,12/01/2021,11.8,13.9,-2.1,10.72,200.8,0.1,6.95,9,1900,,48.7504,-122.4899
C St,01/13/2022,8.3,5.5,2.8,10.7,498.2,0.24,7.2,9,560,,48.7504,-122.4899
C St,02/24/2022,7,3,4,10.71,5708,3.1,7.17,9,2240,,48.7504,-122.4899
C St,03/24/2022,10.1,15.2,-5.1,10.9,1654,0.84,7.28,9,40,,48.7504,-122.4899
C St,04/18/2022,10.6,13.7,-3.1,8.58,8794,4.92,7.03,9,760,,48.7504,-122.4899
C St,05/18/2022,12.3,12.2,0.1,8.85,3034,1.59,7.35,9,460,,48.7504,-122.4899
C St,06/15/2022,15.1,19.1,-4,8.17,3578,1.89,8.35,9,360,,48.7504,-122.4899
C St,06/15/2022,15.1,19.1,-4,8.07,3701,1.96,7.85,9,380,,48.7504,-122.4899
C St,07/26/2022,20.6,23.1,-2.5,5.31,19014,11.32,7.63,9,840,,48.7504,-122.4899
C St,08/25/2022,20.5,23.5,-3,6.72,17666,10.44,7.28,9,160,,48.7504,-122.4899
C St,08/25/2022,20.7,23.5,-2.8,6.71,17660,10.45,7.25,9,120,,48.7504,-122.4899
C St,09/07/2022,18.7,15.5,3.2,4.87,42510,27.3,7.05,9,100,,48.7504,-122.4899
C St,10/04/2022,16.1,13,3.1,6.79,25975,15.91,6.85,9,0,,48.7504,-122.4899
C St,11/07/2022,11,1.1,9.9,8.32,14684,8.55,6.84,9,2400,,48.7504,-122.4899
C St,12/05/2022,6.8,5.8,1,11.25,6107,3.32,7.24,9,157,,48.7504,-122.4899
C St,01/03/2023,7.9,4.8,3.1,10.3,2132,1.18,7.13,9,20,,48.7504,-122.4899
C St,02/15/2023,6.5,6.7,-0.2,13.1,596.6,0.29,7.23,9,40,,48.7504,-122.4899
C St,03/14/2023,7.4,10,-2.6,12.22,1175,0.59,5.36,9,500,,48.7504,-122.4899
C St,04/11/2023,9.3,10,-0.7,10.33,1391,0.7,7.45,15,2500,,48.7504,-122.4899
C St,05/09/2023,13,13,0,,3058,1.6,7.53,9,75,,48.7504,-122.4899
C St,06/06/2023,16.9,21.1,-4.2,,21493,12.95,6.63,9,45,,48.7504,-122.4899
C St,07/18/2023,19,23.7,-4.7,7.4,12621,7.27,7.72,1.94,140,,48.7504,-122.4899
C St,08/01/2023,19.5,18,1.5,6.7,27559,16.98,7.62,0,110,,48.7504,-122.4899
C St,09/26/2023,15.5,16.6,-1.1,6.76,15458,9.06,7.15,1.7,405,,48.7504,-122.4899
C St,09/26/2023,15.5,16,-0.5,6.77,15440,9.05,7.19,4.24,460,,48.7504,-122.4899
C St,09/26/2023,,,,,,,,,,,48.7504,-122.4899
C St,09/26/2023,,,,,,,,,,,48.7504,-122.4899
C St,10/24/2023,13.2,9.9,3.3,9.39,3437,1.82,7.37,5.1,,0.08,48.7504,-122.4899
C St,10/24/2023,,,,,,,,,,0.08,48.7504,-122.4899
C St,11/13/2023,11.2,7.1,4.1,8.7,8615,4.82,7.05,0.48,160,0.2,48.7504,-122.4899
C St,11/13/2023,,,,,,,,,,0.2,48.7504,-122.4899
C St,12/13/2023,9.2,10.6,-1.4,9.7,10399,5.88,6.37,1.48,50,0.07,48.7504,-122.4899
C St,12/13/2023,9.3,7.3,2,9.51,10729,6.09,7.02,0,,0.07,48.7504,-122.4899
C St,12/13/2023,,,,,,,,,,0.07,48.7504,-122.4899
C St,12/13/2023,,,,,,,,,,0.07,48.7504,-122.4899
C St,01/23/2024,6.3,9.8,-3.5,11.13,1573,0.79,6.57,0.73,400,0.04,48.7504,-122.4899
C St,02/15/2024,7.2,7.2,0,11.59,4234,2.25,7.22,0.63,35,0,48.7504,-122.4899
C St,02/15/2024,7.2,7.2,0,11.8,4575,2.44,7.26,0,10,0,48.7504,-122.4899
C St,02/15/2024,,,,,,,,,,0,48.7504,-122.4899
C St,03/13/2024,7.5,13.5,-6,12.47,806,0.4,7.4,3.15,800,0,48.7504,-122.4899
C St,04/10/2024,10.2,25,-14.8,9.31,1505,0.76,7.07,0,50,0,48.7504,-122.4899
C St,05/22/2024,13.9,18.2,-4.3,8.81,851,0.42,6.68,0.67,1264,0.55,48.7504,-122.4899
C St,07/01/2024,17.1,24,-6.9,7.07,14102,8.2,6.85,0.69,1166,0,48.7504,-122.4899
C St,07/30/2024,18.8,21.3,-2.5,7.62,685,0.33,6.56,0,9999,0.7,48.7504,-122.4899
C St,07/30/2024,18.7,20.5,-1.8,7.82,679,0.33,7.1,0,9999,0.7,48.7504,-122.4899
C St,08/30/2024,17.5,13.1,4.4,7.42,3287,1.73,7.32,5.32,333,0,48.7504,-122.4899
C St,08/30/2024,17.3,13.1,4.2,7.56,3337,1.76,7.56,5.56,433,0,48.7504,-122.4899
C St,09/17/2024,16.9,22.3,-5.4,8.03,5789,3.16,7.47,2.6,67,0,48.7504,-122.4899
C St,10/14/2024,15.5,18.3,-2.8,8.26,1369,0.69,7.24,7.54,100,0,48.7504,-122.4899
C St,10/14/2024,15.6,18.5,-2.9,8.19,1598,0.81,7.46,6.42,67,0,48.7504,-122.4899
C St,11/14/2024,11.6,8.3,3.3,8.84,2208,1.14,7.14,0,67,0.3,48.7504,-122.4899
C St,11/14/2024,11.6,8.9,2.7,8.78,2563,1.33,7.24,0,,0.3,48.7504,-122.4899
C St,12/12/2024,8.5,12,-3.5,12.07,1171,0.58,7.77,,500,0.14,48.7504,-122.4899
Cedar St,12/03/2020,11.9,7.78,4.12,10.26,502.4,10.2,8.06,,,,48.7416,-122.4916
Cedar St,02/03/2021,10.4,8.89,1.51,11.46,315,0.15,7.79,9,20,,48.7416,-122.4916
Cedar St,03/16/2021,10.4,9.4,1,20.22,539.9,0.26,8.16,9,20,,48.7416,-122.4916
Cedar St,04/15/2021,11.8,20,-8.2,,567.6,0.28,7.89,9,120,,48.7416,-122.4916
Cedar St,05/11/2021,13.3,17.3,-4,,460,0.29,8.11,9,20,,48.7416,-122.4916
Cedar St,06/08/2021,14.8,22.1,-7.3,10,645,0.32,8,9,20,,48.7416,-122.4916
Cedar St,07/06/2021,17.3,22.2,-4.9,9.6,643,0.31,8.39,9,20,,48.7416,-122.4916
Cedar St,08/11/2021,19.1,22.3,-3.2,10.03,627,0.31,8,9,40,,48.7416,-122.4916
Cedar St,09/07/2021,18,22.8,-4.8,10.15,662,0.32,8.07,9,60,,48.7416,-122.4916
Cedar St,10/04/2021,16.3,14.2,2.1,9.31,844,0.42,8.14,9,160,,48.7416,-122.4916
Cedar St,11/01/2021,13.9,7.22,6.68,9.85,498.2,0.24,7.96,9,20,,48.7416,-122.4916
Cedar St,11/01/2021,14,7.22,6.78,9.86,497.3,0.24,8.01,9,60,,48.7416,-122.4916
Cedar St,12/01/2021,12.3,13.9,-1.6,12.14,143.6,0.07,7.12,9,440,,48.7416,-122.4916
Cedar St,01/13/2022,10.9,5.5,5.4,10.93,439.3,0.21,7.62,9,400,,48.7416,-122.4916
Cedar St,02/24/2022,9.5,3,6.5,10.02,1361,0.68,7.95,9,260,,48.7416,-122.4916
Cedar St,03/24/2022,11.8,15.2,-3.4,11.19,426.9,0.21,8.13,9,20,,48.7416,-122.4916
Cedar St,04/18/2022,12.1,13.7,-1.6,10.34,400.7,0.19,7.42,9,500,,48.7416,-122.4916
Cedar St,05/18/2022,13.3,12.2,1.1,10.33,293.7,0.14,7.71,13,640,,48.7416,-122.4916
Cedar St,06/15/2022,15.4,19.1,-3.7,9.86,498.6,0.24,7.91,13,100,,48.7416,-122.4916
Cedar St,07/26/2022,18,23.1,-5.1,9.89,668,0.33,8.01,9,2480,,48.7416,-122.4916
Cedar St,08/25/2022,18.8,23.5,-4.7,9.81,766,0.38,8.04,13,900,,48.7416,-122.4916
Cedar St,09/07/2022,18.2,15.5,2.7,6.29,1123,0.56,7.99,9,400,,48.7416,-122.4916
Cedar St,09/07/2022,18.2,15.5,2.7,6.16,1106,0.55,8.03,9,1100,,48.7416,-122.4916
Cedar St,10/04/2022,16.2,13,3.2,9.74,731,0.36,8.3,9,500,,48.7416,-122.4916
Cedar St,10/04/2022,16.3,13,3.3,9.7,726,0.36,8.2,9,100,,48.7416,-122.4916
Cedar St,11/07/2022,13.5,1.1,12.4,9.88,503.2,0.24,7.77,9,4300,,48.7416,-122.4916
Cedar St,12/05/2022,10.5,5.8,4.7,11.02,567.8,0.28,8.01,9,34,,48.7416,-122.4916
Cedar St,12/05/2022,10.5,5.8,4.7,11.01,567.9,0.28,8.02,9,38,,48.7416,-122.4916
Cedar St,01/03/2023,11.3,4.8,6.5,11.3,616.9,0.3,7.62,9,70,,48.7416,-122.4916
Cedar St,02/15/2023,9.1,6.7,2.4,12.02,607.2,0.3,7.48,19,13,,48.7416,-122.4916
Cedar St,03/14/2023,10.6,10,0.6,,558.6,0.27,6.65,9,100,,48.7416,-122.4916
Cedar St,04/12/2023,11.8,8,3.8,10.62,960,0.48,8.05,9,15,,48.7416,-122.4916
Cedar St,05/09/2023,13.7,13,0.7,,659,0.32,8.03,9,5,,48.7416,-122.4916
Cedar St,06/06/2023,15.6,21.1,-5.5,,767,0.38,7.37,9,45,,48.7416,-122.4916
Cedar St,07/18/2023,17.7,20.6,-2.9,9.56,757,0.37,8.49,8.74,25,,48.7416,-122.4916
Cedar St,08/01/2023,18.3,20,-1.7,9.55,849,0.42,8.45,6.61,25,,48.7416,-122.4916
Cedar St,08/01/2023,18,20,-2,9.3,840,0.41,8.29,5.51,70,,48.7416,-122.4916
Cedar St,09/26/2023,16.9,15.1,1.8,11.66,489.6,0.24,8.04,0.6,,,48.7416,-122.4916
Cedar St,09/26/2023,,,,,,,,,,,48.7416,-122.4916
Cedar St,10/25/2023,12.6,6.7,5.9,9.94,273.2,0.13,7.98,22.7,,1.7,48.7416,-122.4916
Cedar St,10/25/2023,,,,,,,,,,1.7,48.7416,-122.4916
Cedar St,11/20/2023,12.3,7.8,4.5,10.9,534.4,0.26,8.05,5.14,20,0,48.7416,-122.4916
Cedar St,11/20/2023,,,,,,,,,,0,48.7416,-122.4916
Cedar St,12/09/2023,7.3,5.8,1.5,12.11,104.1,0.05,7.22,19.44,55,2.11,48.7416,-122.4916
Cedar St,12/09/2023,7.6,5.8,1.8,11.87,114.8,0.05,7.26,24.9,50,2.11,48.7416,-122.4916
Cedar St,01/19/2024,6.6,6.5,0.1,12.28,0.4,0,6.75,36.7,75,1.94,48.7416,-122.4916
Cedar St,01/19/2024,6.7,6.5,0.2,12.27,,0.1,6.71,36.9,65,1.94,48.7416,-122.4916
Cedar St,02/29/2024,10.2,6.2,4,11.63,470.9,0.23,7.92,0.5,200,0.48,48.7416,-122.4916
Cedar St,03/18/2024,12.5,13,-0.5,10.32,616,0.3,8.02,8.2,0,0,48.7416,-122.4916
Cedar St,04/26/2024,12.8,14.5,-1.7,9.95,463.7,0.22,7.92,6.89,167,0.9,48.7416,-122.4916
Cedar St,05/24/2024,15.1,14,1.1,10.46,307.1,0.15,7.77,4.11,799,,48.7416,-122.4916
Cedar St,05/24/2024,15.1,14,1.1,10.52,258.4,0.12,7.73,8.56,466,,48.7416,-122.4916
Cedar St,06/12/2024,15.8,19,-3.2,10.4,533.4,0.26,7.88,7.36,67,0.42,48.7416,-122.4916
Cedar St,07/17/2024,18.1,24,-5.9,108.9,454.2,0.22,8.32,1.56,67,0,48.7416,-122.4916
Cedar St,08/14/2024,18.6,18,0.6,9.08,488.8,0.24,8.23,6.58,0,0,48.7416,-122.4916
Cedar St,08/14/2024,18.6,18,0.6,9.08,487.1,0.24,8.25,4.97,0,0,48.7416,-122.4916
Cedar St,09/04/2024,18.2,22,-3.8,9.33,268.6,0.13,7.83,1.73,33,0,48.7416,-122.4916
Cedar St,10/13/2024,15.3,13,2.3,9.86,537.3,0.26,8.07,0,67,0,48.7416,-122.4916
Cedar St,10/13/2024,15.4,12.9,2.5,9.87,535.3,0.26,8.08,0,0,0,48.7416,-122.4916
Cedar St,11/12/2024,13.8,11.3,2.5,10.13,351.3,0.17,,3.61,200,0.24,48.7416,-122.4916
Cedar St,12/10/2024,12.2,8.3,3.9,10.75,502.5,0.24,8.04,,66.6,0.01,48.7416,-122.4916
Cornwall St,02/03/2021,8.5,8.89,-0.39,6.97,3207,1.67,6.92,9,20,,48.743,-122.4908
Cornwall St,03/16/2021,9.2,9.4,-0.2,5.72,12121,6.94,6.99,9,20,,48.743,-122.4908
Cornwall St,04/15/2021,10.9,20,-9.1,,823.9,4.6,7.08,9,20,,48.743,-122.4908
Cornwall St,05/11/2021,13.2,17.3,-4.1,,6764,4.89,7.12,9,20,,48.743,-122.4908
Cornwall St,06/08/2021,15.4,22.1,-6.7,6,6426,3.53,6.99,9,20,,48.743,-122.4908
Cornwall St,07/06/2021,18.8,22.2,-3.4,5.17,6901,3.8,7.08,9,20,,48.743,-122.4908
Cornwall St,08/11/2021,20.7,22.3,-1.6,5.05,6951,3.83,7.01,9,100,,48.743,-122.4908
Cornwall St,08/11/2021,20.6,22.3,-1.7,4.92,6945,3.82,7.03,9,40,,48.743,-122.4908
Cornwall St,09/07/2021,19.8,22.8,-3,5.98,5370,2.91,7.3,9,160,,48.743,-122.4908
Cornwall St,10/04/2021,17.5,14.2,3.3,5.36,3133,1.64,7.29,9,20,,48.743,-122.4908
Cornwall St,11/01/2021,14.1,7.22,6.88,5.18,3116,1.64,7.02,9,60,,48.743,-122.4908
Cornwall St,12/01/2021,11.7,13.9,-2.2,10.25,263.4,0.13,6.98,13,660,,48.743,-122.4908
Cornwall St,01/13/2022,9.1,5.5,3.6,7.62,1505,0.76,7.14,9,200,,48.743,-122.4908
Cornwall St,02/24/2022,8.5,3,5.5,7.01,7924,4.39,7.31,9,680,,48.743,-122.4908
Cornwall St,03/24/2022,9.6,15.2,-5.6,6.84,5928,3.23,7.23,9,260,,48.743,-122.4908
Cornwall St,03/24/2022,9.6,15.2,-5.6,6.59,6557,3.59,7.17,9,220,,48.743,-122.4908
Cornwall St,04/18/2022,10.6,13.7,-3.1,6.21,10105,5.72,6.74,9,180,,48.743,-122.4908
Cornwall St,04/18/2022,10.5,13.7,-3.2,6.51,979,5.53,6.85,9,100,,48.743,-122.4908
Cornwall St,05/18/2022,12.4,12.2,0.2,3.81,1608,1.97,6.92,9,580,,48.743,-122.4908
Cornwall St,06/15/2022,14.9,19.1,-4.2,5.84,2317,1.2,7.41,9,120,,48.743,-122.4908
Cornwall St,07/26/2022,18.3,23.1,-4.8,5.45,6938,3.83,7.48,9,0,,48.743,-122.4908
Cornwall St,08/25/2022,20,23.5,-3.5,5.61,7895,4.39,7.17,9,20,,48.743,-122.4908
Cornwall St,09/07/2022,19.7,15.5,4.2,4.52,11776,6.74,7.07,9,100,,48.743,-122.4908
Cornwall St,10/04/2022,18.1,13,5.1,5.78,8247,4.6,7.09,9,0,,48.743,-122.4908
Cornwall St,11/07/2022,14,1.1,12.9,5.23,5426,2.95,7.07,9,900,,48.743,-122.4908
Cornwall St,11/07/2022,14.1,1.1,13,4.94,5337,2.89,7.11,9,900,,48.743,-122.4908
Cornwall St,12/05/2022,10.9,5.8,5.1,6.84,10640,6.04,7.15,9,18,,48.743,-122.4908
Cornwall St,01/03/2023,8.7,4.8,3.9,6.62,3377,1.8,7.1,9,30,,48.743,-122.4908
Cornwall St,02/15/2023,9.3,6.7,2.6,6.79,5452,2.45,6.94,9,21,,48.743,-122.4908
Cornwall St,03/14/2023,8.5,10,-1.5,8,7824,4.34,5.65,9,100,,48.743,-122.4908
Cornwall St,04/12/2023,10.3,8,2.3,6.16,12764,7.34,6.53,9,20,,48.743,-122.4908
Cornwall St,05/09/2023,12.9,13,-0.1,,15616,9.15,6.98,9,25,,48.743,-122.4908
Cornwall St,06/06/2023,16.5,21.1,-4.6,,17912,10.62,6.55,9,10,,48.743,-122.4908
Cornwall St,06/06/2023,16.4,21.1,-4.7,,17847,10.58,6.61,9,10,,48.743,-122.4908
Cornwall St,07/18/2023,19.9,21.8,-1.9,5.01,6365,6.96,7.15,0.14,50,,48.743,-122.4908
Cornwall St,08/01/2023,20.1,18.7,1.4,5.22,17309,10.23,7.05,0,55,,48.743,-122.4908
Cornwall St,09/26/2023,17.1,15,2.1,7.01,27846,17.18,6.85,0,,,48.743,-122.4908
Cornwall St,09/26/2023,,,,,,,,,,,48.743,-122.4908
Cornwall St,10/25/2023,12.6,9.1,3.5,5.55,9628,5.44,6.97,2.4,,1.7,48.743,-122.4908
Cornwall St,10/25/2023,12.9,9.1,3.8,5.33,9618,5.55,6.98,1.34,,1.7,48.743,-122.4908
Cornwall St,10/25/2023,,,,,,,,,,1.7,48.743,-122.4908
Cornwall St,10/25/2023,,,,,,,,,,1.7,48.743,-122.4908
Cornwall St,11/20/2023,12.9,6.7,6.2,4.84,782.6,4.35,7.01,3.89,100,0,48.743,-122.4908
Cornwall St,11/20/2023,,,,,,,,,,0,48.743,-122.4908
Cornwall St,12/09/2023,7.4,9,-1.6,9.38,832,0.41,6.79,63.8,5,2.11,48.743,-122.4908
Cornwall St,01/19/2024,4.9,6.8,-1.9,12.08,,,,28.1,5,1.94,48.743,-122.4908
Cornwall St,02/29/2024,7.9,6.8,1.1,8.98,429.8,2.29,7.12,15.21,2250,0.48,48.743,-122.4908
Cornwall St,03/18/2024,10.6,13,-2.4,5.79,11830,6.77,6.82,0.05,0,0,48.743,-122.4908
Cornwall St,03/18/2024,10.6,13,-2.4,5.68,11831,6.77,7.01,1.64,,0,48.743,-122.4908
Cornwall St,04/26/2024,12.1,14,-1.9,4.88,16245,9.54,6.92,4.86,2031,0.9,48.743,-122.4908
Cornwall St,04/26/2024,11.9,14,-2.1,8.75,21059,12.6,6.98,1.62,932,0.9,48.743,-122.4908
Cornwall St,05/24/2024,14.1,14,0.1,6.94,1975,1.01,7.17,6.92,300,,48.743,-122.4908
Cornwall St,06/12/2024,15.1,22,-6.9,5.06,5642,3.07,7.04,2.47,67,0.42,48.743,-122.4908
Cornwall St,07/17/2024,19.3,23,-3.7,53.3,12283,7.06,7.06,603,200,0,48.743,-122.4908
Cornwall St,07/17/2024,19.2,23,-3.8,54,12103,6.95,7.09,605,33,0,48.743,-122.4908
Cornwall St,08/14/2024,19.3,19,0.3,5.07,12637,7.28,7.3,2.27,67,0,48.743,-122.4908
Cornwall St,09/04/2024,18.4,22,-3.6,5.02,10825,6.16,7.22,0.83,0,0,48.743,-122.4908
Cornwall St,10/13/2024,15.7,13,2.7,5.21,11222,6.41,7.12,0,0,0,48.743,-122.4908
Cornwall St,11/12/2024,12.5,13.2,-0.7,7.14,3124,1.64,6.96,15.88,0,0.24,48.743,-122.4908
Cornwall St,12/10/2024,10.3,11,-0.7,7.91,5384,2.92,,,0,0.01,48.743,-122.4908
Cornwall St,12/10/2024,10.1,11,-0.9,8.07,5649,3.07,,,0,0.01,48.743,-122.4908
Little Squalicum Creek,04/21/2022,10.3,13.2,-2.9,10.56,313.4,0.15,7.58,9,40,,48.7647,-122.5173
Little Squalicum Creek,05/12/2022,11,13.5,-2.5,10.83,327.5,0.16,5.92,9,180,,48.7647,-122.5173
Little Squalicum Creek,06/16/2022,12.7,16.1,-3.4,10.07,325.7,0.16,7.39,9,200,,48.7647,-122.5173
Little Squalicum Creek,06/16/2022,12.7,16.1,-3.4,10.07,325.7,0.16,7.39,9,,,48.7647,-122.5173
Little Squalicum Creek,07/27/2022,15,20.1,-5.1,10.74,366.5,0.18,7.76,9,3200,,48.7647,-122.5173
Little Squalicum Creek,03/15/2023,10.6,9,1.6,13.96,324.8,0.16,7.1,9,100,,48.7647,-122.5173
Little Squalicum Creek,04/12/2023,13,8,5,13.7,302.7,0.15,7.82,9,10,,48.7647,-122.5173
Little Squalicum Creek,05/12/2023,15.5,21,-5.5,,333.1,0.16,7.81,9,20,,48.7647,-122.5173
Little Squalicum Creek,05/12/2023,15.7,21,-5.3,,331.8,0.16,7.58,9,45,,48.7647,-122.5173
Little Squalicum Creek,06/06/2023,16.2,21.1,-4.9,,328.5,0.16,7.19,9,120,,48.7647,-122.5173
Little Squalicum Creek,09/25/2023,15.2,16.4,-1.2,11.13,126,0.06,7.3,3.55,9999,,48.7647,-122.5173
Little Squalicum Creek,10/11/2023,12.8,14.2,-1.4,7.42,304.1,0.15,7.21,10.3,,0.19,48.7647,-122.5173
Little Squalicum Creek,10/11/2023,,,,,,,,,,0.19,48.7647,-122.5173
Little Squalicum Creek,11/07/2023,11.1,10.2,0.9,9.93,154.8,0.07,7.18,10.48,,0.45,48.7647,-122.5173
Little Squalicum Creek,11/07/2023,,,,,,,,,455,0.45,48.7647,-122.5173
Little Squalicum Creek,12/07/2023,8.1,6.9,1.2,11.06,211.9,0.1,7.29,6.8,70,0.46,48.7647,-122.5173
Little Squalicum Creek,12/07/2023,,,,,,,,,,0.46,48.7647,-122.5173
Little Squalicum Creek,01/05/2024,8.3,8.4,-0.1,12.01,283.2,0.14,6.88,0.94,45,0.07,48.7647,-122.5173
Little Squalicum Creek,03/11/2024,8,10.3,-2.3,13.9,287.3,0.14,7.06,2.34,0,0.07,48.7647,-122.5173
Little Squalicum Creek,03/11/2024,8.5,9.1,-0.6,12.59,283.2,0.14,7.06,2.39,,0.07,48.7647,-122.5173
Little Squalicum Creek,03/13/2024,6.1,5.5,0.6,,,,,,0,0.3,48.7647,-122.5173
Little Squalicum Creek,04/08/2024,9.3,9,0.3,13.8,304.7,0.15,6.73,5.53,50,,48.7647,-122.5173
Little Squalicum Creek,05/09/2024,11.4,12,-0.6,10.11,319.4,0.15,6.83,0,33,0,48.7647,-122.5173
Little Squalicum Creek,06/07/2024,12.4,15,-2.6,10.51,335.4,0.16,6.85,,33,0,48.7647,-122.5173
Little Squalicum Creek,06/07/2024,12.3,15,-2.7,10.2,332.6,0.16,6.93,,111,0,48.7647,-122.5173
Little Squalicum Creek,07/04/2024,12.5,16,-3.5,10.19,269,0.13,6.86,0,167,,48.7647,-122.5173
Little Squalicum Creek,08/03/2024,13.2,24,-10.8,9.84,278,0.13,6.81,0,133,0,48.7647,-122.5173
Little Squalicum Creek,08/03/2024,13.3,22.4,-9.1,10.3,277.1,0.13,6.88,0,200,0,48.7647,-122.5173
Little Squalicum Creek,09/03/2024,13.6,21,-7.4,9.97,323.1,0.16,6.44,0,200,0.2,48.7647,-122.5173
Little Squalicum Creek,10/11/2024,11.6,7.1,4.5,9.86,285.1,0.14,6.51,0.15,33,0,48.7647,-122.5173
Little Squalicum Creek,11/08/2024,10.2,8.3,1.9,10.47,273.3,0.13,7.09,3.55,100,0,48.7647,-122.5173
Little Squalicum Creek,12/11/2024,8.2,10.9,-2.7,11.38,301.4,0.14,7.67,,0,0,48.7647,-122.5173
Little Squalicum Creek,12/11/2024,8.2,8.5,-0.3,12,300.8,0.14,7.72,,,0,48.7647,-122.5173
Olive St,02/03/2021,9.4,8.89,0.51,11.5,179.4,0.08,7.38,9,940,,48.7336,-122.4995
Olive St,03/16/2021,8.9,9.4,-0.5,12.29,247.3,0.12,8.19,9,460,,48.7336,-122.4995
Olive St,03/16/2021,8.8,9.4,-0.6,11.11,250.3,0.12,8,9,340,,48.7336,-122.4995
Olive St,04/15/2021,10.8,20,-9.2,,255.1,0.12,7.31,9,2000,,48.7336,-122.4995
Olive St,05/11/2021,12.9,17.3,-4.4,,198,0.12,8.02,9,120,,48.7336,-122.4995
Olive St,06/08/2021,14.5,22.1,-7.6,10.18,270.7,0.13,7.45,9,60,,48.7336,-122.4995
Olive St,07/06/2021,17.6,22.2,-4.6,9.71,254,0.12,7.76,9,20,,48.7336,-122.4995
Olive St,08/11/2021,19.2,22.3,-3.1,10.11,263.6,0.13,7.3,9,100,,48.7336,-122.4995
Olive St,09/07/2021,17.9,22.8,-4.9,10.34,265,0.13,7.7,9,240,,48.7336,-122.4995
Olive St,10/04/2021,15.9,14.2,1.7,9.65,213.4,0.1,8.05,9,300,,48.7336,-122.4995
Olive St,11/01/2021,12.8,7.22,5.58,10.41,231.5,0.11,7.9,9,120,,48.7336,-122.4995
Olive St,12/01/2021,11.7,13.9,-2.2,12.03,95.7,0.04,7.15,9,800,,48.7336,-122.4995
Olive St,01/13/2022,9.3,5.5,3.8,11.79,225,0.11,7.6,9,80,,48.7336,-122.4995
Olive St,02/24/2022,7.9,3,4.9,11.99,454.4,0.22,8.11,9,180,,48.7336,-122.4995
Olive St,03/24/2022,9.8,15.2,-5.4,12.7,204.7,0.1,7.48,9,160,,48.7336,-122.4995
Olive St,04/18/2022,10.5,13.7,-3.2,11.08,232.4,0.11,7.39,9,80,,48.7336,-122.4995
Olive St,05/18/2022,11.9,12.2,-0.3,10.74,205.1,0.1,7.8,9,120,,48.7336,-122.4995
Olive St,06/15/2022,14.2,19.1,-4.9,10.24,213.8,0.1,7.66,9,580,,48.7336,-122.4995
Olive St,07/26/2022,18,23.1,-5.1,10.01,260.7,0.12,7.59,9,660,,48.7336,-122.4995
Olive St,08/25/2022,20.9,23.5,-2.6,9.16,140.5,0.07,7.82,240,140,,48.7336,-122.4995
Olive St,09/07/2022,17.6,15.5,2.1,6.55,309.5,0.15,7.71,9,0,,48.7336,-122.4995
Olive St,10/04/2022,15.9,13,2.9,9.82,256.7,0.12,8.29,9,400,,48.7336,-122.4995
Olive St,11/07/2022,12,1.1,10.9,10.56,196.1,0.09,8.13,9,700,,48.7336,-122.4995
Olive St,12/05/2022,9,5.8,3.2,12,234,0.11,8.25,9,0,,48.7336,-122.4995
Olive St,01/03/2023,9.1,4.8,4.3,11.9,234.6,0.11,7.73,9,80,,48.7336,-122.4995
Olive St,02/15/2023,8.5,6.7,1.8,12.9,231.6,0.11,7.56,9,153,,48.7336,-122.4995
Olive St,03/14/2023,8.7,10,-1.3,12.88,211.6,0.1,6.69,9,300,,48.7336,-122.4995
Olive St,04/11/2023,9.9,10,-0.1,,220.9,0.11,7.81,9,580,,48.7336,-122.4995
Olive St,05/09/2023,12.2,13,-0.8,,239.7,0.11,7.88,9,100,,48.7336,-122.4995
Olive St,06/06/2023,15.1,21.1,-6,,259.4,0.12,7.36,9,300,,48.7336,-122.4995
Olive St,07/18/2023,17.7,22.5,-4.8,9.45,221.4,0.11,8.3,0,250,,48.7336,-122.4995
Olive St,08/01/2023,17.7,20.6,-2.9,9.61,255.9,0.12,8.25,0,16,,48.7336,-122.4995
Olive St,09/27/2023,16.3,16.5,-0.2,7.74,224.7,0.11,7.95,0,,,48.7336,-122.4995
Olive St,09/27/2023,16.2,15.4,0.8,7.78,224.1,0.11,7.98,0.5,,,48.7336,-122.4995
Olive St,10/25/2023,13.1,5.5,7.6,11.44,208.8,0.1,7.86,5.38,,1.7,48.7336,-122.4995
Olive St,10/25/2023,,,,,,,,,,1.7,48.7336,-122.4995
Olive St,11/20/2023,11.3,6,5.3,11.23,229.7,0.11,8,0.13,255,0,48.7336,-122.4995
Olive St,11/20/2023,11.2,6.6,4.6,11.22,229.3,0.11,8,0,,0,48.7336,-122.4995
Olive St,11/20/2023,,,,,,,,,,0,48.7336,-122.4995
Olive St,12/09/2023,8.8,6.8,2,11.75,139.2,0.07,7.31,11,750,2.11,48.7336,-122.4995
Olive St,01/19/2024,5.5,5.2,0.3,13.18,0,0,6.78,7.33,580,1.94,48.7336,-122.4995
Olive St,02/29/2024,9,7.9,1.1,12.12,190.2,0.09,7.77,4.28,350,0.48,48.7336,-122.4995
Olive St,02/29/2024,9,7.8,1.2,11.65,189.8,0.09,7.73,2.72,,0.48,48.7336,-122.4995
Olive St,03/18/2024,9.7,13,-3.3,12.56,234.6,0.11,7.4,0,250,0,48.7336,-122.4995
Olive St,04/26/2024,11.5,15,-3.5,10.43,215.5,0.1,7.72,0,1132,0.9,48.7336,-122.4995
Olive St,05/24/2024,13.6,14,-0.4,11.02,170.6,0.08,7.76,1.12,1765,,48.7336,-122.4995
Olive St,06/12/2024,14.4,20,-5.6,10.99,252.3,0.12,8.02,0,266,0.42,48.7336,-122.4995
Olive St,06/12/2024,14.3,20,-5.7,11,251.2,0.12,8.04,0,100,0.42,48.7336,-122.4995
Olive St,07/17/2024,17.4,21,-3.6,103,195.6,0.09,7.9,4.34,433,0,48.7336,-122.4995
Olive St,08/14/2024,18.3,18,0.3,9.15,213.6,0.1,8.15,0,266,0,48.7336,-122.4995
Olive St,09/04/2024,17.5,22,-4.5,9.55,250,0.12,8.21,0,266,0,48.7336,-122.4995
Olive St,09/04/2024,17.5,22,-4.5,9.7,250.1,0.12,8.19,0,466,0,48.7336,-122.4995
Olive St,10/13/2024,14.7,12.9,1.8,10.27,238.1,0.11,8.01,0,466,0,48.7336,-122.4995
Olive St,11/12/2024,12.4,11,1.4,10.91,200.3,0.1,7.68,0,0,0.24,48.7336,-122.4995
Olive St,11/12/2024,12.5,11,1.5,10.8,200.7,0.1,7.72,0,,0.24,48.7336,-122.4995
Olive St,12/10/2024,10.3,7.2,3.1,71.63,197.1,0.09,6.37,,432.9,0.01,48.7336,-122.4995
Padden Creek,04/21/2022,9,13.2,-4.2,12.2,288.4,0.14,7.77,9,200,,48.7201,-122.5072
Padden Creek,05/12/2022,11,13.5,-2.5,11.32,166.4,0.08,6.82,9,520,,48.7201,-122.5072
Padden Creek,06/16/2022,15,16.1,-1.1,9.39,198,0.09,7.5,9,1280,,48.7201,-122.5072
Padden Creek,07/27/2022,19.3,20.1,-0.8,10.49,958,0.47,7.47,9,260,,48.7201,-122.5072
Padden Creek,08/15/2022,19,23.3,-4.3,10.31,788,0.39,7.79,9,520,,48.7201,-122.5072
Padden Creek,09/06/2022,14.7,14.6,0.1,7.85,3476,1.84,7.17,9,200,,48.7201,-122.5072
Padden Creek,10/04/2022,12.8,13,-0.2,9.8,2328,1.2,7.69,9,100,,48.7201,-122.5072
Padden Creek,11/07/2022,7.1,1.1,6,11.88,307.9,0.15,8.33,9,1000,,48.7201,-122.5072
Padden Creek,12/05/2022,3.5,5.6,-2.1,13.85,233.8,0.11,8.45,9,120,,48.7201,-122.5072
Padden Creek,01/03/2023,5,4.8,0.2,12.5,158.1,0.08,8.1,9,190,,48.7201,-122.5072
Padden Creek,01/03/2023,4.9,4.8,0.1,13.21,159.7,0.08,7.89,9,120,,48.7201,-122.5072
Padden Creek,02/15/2023,5.3,6.7,-1.4,14.07,183.7,0.09,7.48,9,21,,48.7201,-122.5072
Padden Creek,03/15/2023,7.1,9,-1.9,13.63,195.9,0.09,7.16,9,100,,48.7201,-122.5072
Padden Creek,04/11/2023,8.9,10,-1.1,13.04,189.8,0.09,8.2,9,120,,48.7201,-122.5072
Padden Creek,05/12/2023,15.4,21,-5.6,,231.2,0.11,7.35,9,110,,48.7201,-122.5072
Padden Creek,06/06/2023,14,21.1,-7.1,,2505,1.3,7.48,9,620,,48.7201,-122.5072
Padden Creek,07/19/2023,18.6,22.2,-3.6,9.04,2806,1.46,7.85,2.04,515,,48.7201,-122.5072
Padden Creek,08/02/2023,17.9,21.6,-3.7,8.91,3983,2.12,7.72,1.33,470,,48.7201,-122.5072
Padden Creek,09/27/2023,13.3,16.3,-3,8.4,867,0.43,7.51,0,,,48.7201,-122.5072
Padden Creek,10/26/2023,6.2,6.1,0.1,10.83,339.1,0.16,7.85,2.5,,0,48.7201,-122.5072
Padden Creek,10/26/2023,6.9,4,2.9,11.1,392.6,0.19,7.83,0.52,,0,48.7201,-122.5072
Padden Creek,10/26/2023,,,,,,,,,,0,48.7201,-122.5072
Padden Creek,10/26/2023,,,,,,,,,,0,48.7201,-122.5072
Padden Creek,11/22/2023,8.5,14.8,-6.3,10.3,251.9,0.12,7.87,5.86,115,0.21,48.7201,-122.5072
Padden Creek,11/22/2023,,,,,,,,,,0.21,48.7201,-122.5072
Padden Creek,12/13/2023,7,8.7,-1.7,9.18,,0.07,6.9,6.06,20,0.07,48.7201,-122.5072
Padden Creek,12/13/2023,7,8.7,-1.7,9.19,,0.07,7.25,8.35,,0.07,48.7201,-122.5072
Padden Creek,12/13/2023,,,,,,,,,,0.07,48.7201,-122.5072
Padden Creek,12/13/2023,,,,,,,,,,0.07,48.7201,-122.5072
Padden Creek,01/08/2024,5.3,9.9,-4.6,9.63,130.4,0.06,5.89,30.6,150,0.4,48.7201,-122.5072
Padden Creek,01/08/2024,5.6,9.9,-4.3,9.8,123.3,0.06,7.04,31.1,210,0.4,48.7201,-122.5072
Padden Creek,02/07/2024,6.2,10.37,-4.17,13.27,191.6,0.09,6.54,0,40,0.02,48.7201,-122.5072
Padden Creek,02/07/2024,,,,,,,,,,0.02,48.7201,-122.5072
Padden Creek,03/18/2024,9.4,16.6,-7.2,13.1,160.3,0.08,6.94,0,0,0,48.7201,-122.5072
Padden Creek,04/15/2024,10.8,17.5,-6.7,11.45,194.9,0.09,6.25,0,50,0.01,48.7201,-122.5072
Padden Creek,05/15/2024,15,19.3,-4.3,9.6,200,0.1,7.2,4.35,799,0,48.7201,-122.5072
Padden Creek,06/25/2024,16.7,16.1,0.6,8.07,220,0.8,6.72,0.88,600,0.09,48.7201,-122.5072
Padden Creek,07/23/2024,16.6,22.7,-6.1,7.69,325.9,1.71,7.42,8.63,633,0,48.7201,-122.5072
Padden Creek,08/06/2024,16.5,23.1,-6.6,9.74,1057,0.53,7.37,,533,0,48.7201,-122.5072
Padden Creek,09/16/2024,13.8,20,-6.2,9.21,522.4,0.25,7.1,0,200,0,48.7201,-122.5072
Padden Creek,10/13/2024,10.8,11,-0.2,10.64,454,0.22,6.5,0,100,0,48.7201,-122.5072
Padden Creek,11/13/2024,10.3,16,-5.7,12.37,147.8,0.07,,0,100,1.05,48.7201,-122.5072
Padden Creek,12/11/2024,5.5,7.3,-1.8,12.4,169.8,0.08,8.24,,67,0,48.7201,-122.5072
Squalicum Creek,02/03/2021,5.2,8.89,-3.69,13.4,104.9,0.05,7.95,24,20,,48.7611,-122.5085
Squalicum Creek,03/16/2021,5.8,9.4,-3.6,9.57,204.2,0.1,7.64,9,20,,48.7611,-122.5085
Squalicum Creek,04/15/2021,10.2,20,-9.8,,233.2,0.11,7.25,9,20,,48.7611,-122.5085
Squalicum Creek,05/11/2021,15,17.3,-2.3,,284.8,0.14,7.51,9,20,,48.7611,-122.5085
Squalicum Creek,06/08/2021,15.7,22.1,-6.4,10.63,375.5,0.18,7.3,9,280,,48.7611,-122.5085
Squalicum Creek,07/06/2021,17.7,22.2,-4.5,12.1,1130,0.56,7.77,9,280,,48.7611,-122.5085
Squalicum Creek,08/11/2021,17.9,22.3,-4.4,7.7,7005,3.87,6.84,9,160,,48.7611,-122.5085
Squalicum Creek,09/07/2021,14.2,22.8,-8.6,9.84,4184,2.24,7.53,9,180,,48.7611,-122.5085
Squalicum Creek,10/04/2021,13.8,14.2,-0.4,10.65,273.4,0.17,7.28,9,40,,48.7611,-122.5085
Squalicum Creek,11/01/2021,6.4,7.22,-0.82,12.26,199,0.09,7.83,9,300,,48.7611,-122.5085
Squalicum Creek,12/01/2021,10.8,13.9,-3.1,11.82,96.4,0.04,7.04,17,1000,,48.7611,-122.5085
Squalicum Creek,01/13/2022,6.8,5.5,1.3,14.13,126.2,0.06,8.63,15,220,,48.7611,-122.5085
Squalicum Creek,02/24/2022,3,3,0,15.84,242.9,0.12,8.09,9,20,,48.7611,-122.5085
Squalicum Creek,03/24/2022,8.1,15.2,-7.1,13.18,146.9,0.07,7.76,9,40,,48.7611,-122.5085
Squalicum Creek,04/21/2022,8.6,13.2,-4.6,12.17,337.7,0.16,7.58,9,60,,48.7611,-122.5085
Squalicum Creek,05/12/2022,11,13.5,-2.5,11.2,200.3,0.1,6.42,9,580,,48.7611,-122.5085
Squalicum Creek,06/16/2022,13.8,16.1,-2.3,10.18,209.4,0.1,7.6,9,1260,,48.7611,-122.5085
Squalicum Creek,07/27/2022,18.2,20.1,-1.9,10.48,1433,0.72,7.55,13,3840,,48.7611,-122.5085
Squalicum Creek,08/15/2022,18.1,23.3,-5.2,12.3,1274,0.64,8.37,9,580,,48.7611,-122.5085
Squalicum Creek,09/06/2022,13.6,14.6,-1,8.12,2033,1.9,8.72,9,100,,48.7611,-122.5085
Squalicum Creek,10/04/2022,12.8,13,-0.2,8.53,3598,1.91,7.35,9,0,,48.7611,-122.5085
Squalicum Creek,11/07/2022,6.1,1.1,5,12.45,200.1,0.09,8.01,9,1700,,48.7611,-122.5085
Squalicum Creek,12/05/2022,2.7,5.8,-3.1,13.85,284.5,0.13,7.87,9,148,,48.7611,-122.5085
Squalicum Creek,01/03/2023,4.2,4.8,-0.6,13.24,174.9,0.08,7.56,9,70,,48.7611,-122.5085
Squalicum Creek,02/15/2023,4.8,6.7,-1.9,14.11,192,0.09,7.33,9,,,48.7611,-122.5085
Squalicum Creek,03/15/2023,7.7,9,-1.3,14.87,184.3,0.09,7.17,9,100,,48.7611,-122.5085
Squalicum Creek,04/12/2023,9.9,8,1.9,13.08,192.8,0.09,7.73,9,65,,48.7611,-122.5085
Squalicum Creek,05/12/2023,16.4,21,-4.6,,309.7,0.15,7.48,9,55,,48.7611,-122.5085
Squalicum Creek,06/06/2023,17.9,21.1,-3.2,,1793,0.91,7.21,9,195,,48.7611,-122.5085
Squalicum Creek,07/19/2023,17.4,22.6,-5.2,9.38,1783,0.91,8.23,8.36,45,,48.7611,-122.5085
Squalicum Creek,08/02/2023,17.3,19,-1.7,8.95,3422,1.81,7.48,4.42,100,,48.7611,-122.5085
Squalicum Creek,09/25/2023,14.4,15.4,-1,7.75,255.2,0.12,7.42,4.84,210,,48.7611,-122.5085
Squalicum Creek,10/11/2023,12.5,13.2,-0.7,8.68,1039,0.52,7.35,2.37,,0.19,48.7611,-122.5085
Squalicum Creek,10/11/2023,,,,,,,,,,0.19,48.7611,-122.5085
Squalicum Creek,11/07/2023,10.5,14.3,-3.8,9.99,173.6,0.08,6.85,1.59,,0.45,48.7611,-122.5085
Squalicum Creek,11/07/2023,,,,,,,,,445,0.45,48.7611,-122.5085
Squalicum Creek,11/07/2023,10.3,9.7,0.6,10.56,177.8,0.06,7.31,0.53,,0.45,48.7611,-122.5085
Squalicum Creek,11/07/2023,,,,,,,,,,0.45,48.7611,-122.5085
Squalicum Creek,11/07/2023,,,,,,,,,,0.45,48.7611,-122.5085
Squalicum Creek,12/07/2023,6.7,4.8,1.9,12,122,0.06,7.48,59,120,0.46,48.7611,-122.5085
Squalicum Creek,12/07/2023,6.5,5.5,1,12.15,122.5,0.06,7.38,60.9,90,0.46,48.7611,-122.5085
Squalicum Creek,12/07/2023,,,,,,,,,,0.46,48.7611,-122.5085
Squalicum Creek,12/07/2023,,,,,,,,,,0.46,48.7611,-122.5085
Squalicum Creek,01/05/2024,8.5,7.1,1.4,12.52,167.7,0.08,7.44,23.8,40,0.07,48.7611,-122.5085
Squalicum Creek,03/11/2024,6.8,10.1,-3.3,13.89,174.4,0.08,7.62,8.8,0,0.07,48.7611,-122.5085
Squalicum Creek,03/13/2024,4.4,7.2,-2.8,,,,,,50,0.3,48.7611,-122.5085
Squalicum Creek,04/08/2024,9.1,10,-0.9,13,191.8,0.09,7.55,,50,,48.7611,-122.5085
Squalicum Creek,05/09/2024,12.6,24,-11.4,10.97,176.3,0.08,7.59,1.21,100,0,48.7611,-122.5085
Squalicum Creek,06/07/2024,14.3,21.5,-7.2,10.24,201.2,0.1,7.56,,33,0,48.7611,-122.5085
Squalicum Creek,07/04/2024,116,21,95,12.09,647,0.32,7.87,9.97,466,,48.7611,-122.5085
Squalicum Creek,07/04/2024,16.2,20,-3.8,12.05,758,0.37,8.12,0,400,,48.7611,-122.5085
Squalicum Creek,08/03/2024,17.3,22.6,-5.3,10.75,1254,0.63,7.74,0,496,0,48.7611,-122.5085
Squalicum Creek,09/03/2024,17,20.6,-3.6,11.15,495.8,0.24,8,0,133,0.2,48.7611,-122.5085
Squalicum Creek,10/11/2024,10.5,9,1.5,10.61,255.2,0.12,6.69,17.45,0,0,48.7611,-122.5085
Squalicum Creek,11/08/2024,8.4,7.8,0.6,12.03,164.5,0.08,6.92,10.96,33,0,48.7611,-122.5085
Squalicum Creek,11/08/2024,8.4,7.8,0.6,11.98,164.8,0.08,7.06,5.91,,0,48.7611,-122.5085
Squalicum Creek,12/11/2024,4.9,4.6,0.3,13.19,146.9,0.07,8.16,,0,0,48.7611,-122.5085
Taylor Dock at Ladder,09/27/2023,,,,,,,,,,,,
Whatcom Creek,02/03/2021,6.2,8.89,-2.69,13.02,95.1,0.04,7.75,9,20,,48.7546,-122.4833
Whatcom Creek,03/16/2021,6.6,9.4,-2.8,14.8,15724,9.13,7.72,9,20,,48.7546,-122.4833
Whatcom Creek,04/15/2021,10.4,20,-9.6,,8472,4.73,7.95,9,20,,48.7546,-122.4833
Whatcom Creek,05/11/2021,14.3,17.3,-3,,197.1,0.09,8.14,9,20,,48.7546,-122.4833
Whatcom Creek,06/08/2021,15.5,22.1,-6.6,11.55,228,0.11,7.69,9,40,,48.7546,-122.4833
Whatcom Creek,07/06/2021,19.1,22.2,-3.1,9.7,202.5,0.1,7.8,9,200,,48.7546,-122.4833
Whatcom Creek,07/06/2021,19.2,22.2,-3,9.97,202.8,0.1,7.78,9,140,,48.7546,-122.4833
Whatcom Creek,08/11/2021,19.1,22.3,-3.2,9.94,125,0.06,7.15,9,520,,48.7546,-122.4833
Whatcom Creek,09/07/2021,16.7,22.8,-6.1,10.6,192.7,0.09,7.45,9,3760,,48.7546,-122.4833
Whatcom Creek,10/04/2021,13.7,14.2,-0.5,10.87,225,0.11,7.23,9,260,,48.7546,-122.4833
Whatcom Creek,11/01/2021,10.5,7.22,3.28,11.33,68.5,0.03,7.97,9,180,,48.7546,-122.4833
Whatcom Creek,12/01/2021,10.3,13.9,-3.6,12.67,66.9,0.03,7.26,9,340,,48.7546,-122.4833
Whatcom Creek,01/13/2022,6.2,5.5,0.7,13.83,69,0.03,7.57,9,120,,48.7546,-122.4833
Whatcom Creek,02/24/2022,3.9,3,0.9,13.29,237.1,0.11,7.73,9,240,,48.7546,-122.4833
Whatcom Creek,03/24/2022,8.1,15.2,-7.1,13.43,72.3,0.03,7.86,9,20,,48.7546,-122.4833
Whatcom Creek,04/21/2022,9.2,13.2,-4,12.2,4149,2.21,7.32,9,80,,48.7546,-122.4833
Whatcom Creek,05/12/2022,11.4,13.5,-2.1,11.75,73.9,0.03,6.66,9,160,,48.7546,-122.4833
Whatcom Creek,05/12/2022,11.4,13.5,-2.1,11.47,73.6,0.03,6.72,9,18,,48.7546,-122.4833
Whatcom Creek,06/16/2022,15,16.1,-1.1,10.33,95.7,0.04,7.53,9,360,,48.7546,-122.4833
Whatcom Creek,07/27/2022,20.6,20.1,0.5,10.35,183.9,0.09,7.83,11,1860,,48.7546,-122.4833
Whatcom Creek,08/15/2022,19.6,23.3,-3.7,11.63,349.5,0.17,8.23,9,180,,48.7546,-122.4833
Whatcom Creek,09/06/2022,16.5,14.6,1.9,7.39,249.3,0.12,7.63,9,200,,48.7546,-122.4833
Whatcom Creek,10/04/2022,17.1,13,4.1,9.52,77.7,0.04,8.81,9,0,,48.7546,-122.4833
Whatcom Creek,11/07/2022,9.8,1.1,8.7,11.95,72.2,0.03,8.43,9,500,,48.7546,-122.4833
Whatcom Creek,12/05/2022,4.3,5.8,-1.5,14,103.9,0.05,8.6,9,338,,48.7546,-122.4833
Whatcom Creek,01/03/2023,5.4,4.8,0.6,13.3,66.9,0.03,7.97,9,70,,48.7546,-122.4833
Whatcom Creek,02/15/2023,5.5,6.7,-1.2,14.47,83.6,0.04,7.7,9,34,,48.7546,-122.4833
Whatcom Creek,03/15/2023,7.3,9,-1.7,14.08,155,0.07,7.13,9,100,,48.7546,-122.4833
Whatcom Creek,04/12/2023,9.4,8,1.4,12.25,79.4,0.04,7.52,9,10,,48.7546,-122.4833
Whatcom Creek,04/12/2023,9.3,8,1.3,12.2,78.4,0.04,7.55,9,50,,48.7546,-122.4833
Whatcom Creek,05/09/2023,12.9,13,-0.1,,74.6,0.03,8.3,9,70,,48.7546,-122.4833
Whatcom Creek,06/06/2023,16.8,21.1,-4.3,,159.3,0.07,7.97,9,265,,48.7546,-122.4833
Whatcom Creek,07/19/2023,18.8,19.6,-0.8,9.44,145.1,0.07,7.93,0.24,200,,48.7546,-122.4833
Whatcom Creek,08/02/2023,18.7,18.6,0.1,9.65,188.6,0.09,8.29,2.8,285,,48.7546,-122.4833
Whatcom Creek,09/25/2023,16,17.3,-1.3,7.73,105,0.05,7.75,3.78,310,,48.7546,-122.4833
Whatcom Creek,09/25/2023,16,16.4,-0.4,7.84,105.1,0.05,7.76,2.9,,,48.7546,-122.4833
Whatcom Creek,10/11/2023,14.5,15.3,-0.8,9.44,75.3,0.03,7.42,0.86,,0.19,48.7546,-122.4833
Whatcom Creek,10/11/2023,14.4,13.1,1.3,9.3,74.3,0.03,7.48,1.9,,0.19,48.7546,-122.4833
Whatcom Creek,10/11/2023,,,,,,,,,,0.19,48.7546,-122.4833
Whatcom Creek,11/07/2023,11.2,9.1,2.1,11.08,89.9,0.04,7.41,1.01,,0.45,48.7546,-122.4833
Whatcom Creek,11/07/2023,,,,,,,,,190,0.45,48.7546,-122.4833
Whatcom Creek,12/07/2023,7.8,3.9,3.9,12.18,79.3,0.04,6.9,11.46,50,0.46,48.7546,-122.4833
Whatcom Creek,12/07/2023,,,,,,,,,,0.46,48.7546,-122.4833
Whatcom Creek,01/05/2024,5.9,7.9,-2,12.77,73.3,0.03,7.43,2.74,5,0.07,48.7546,-122.4833
Whatcom Creek,01/05/2024,7.1,6.8,0.3,12.67,73,0.03,7.41,0,,0.07,48.7546,-122.4833
Whatcom Creek,03/11/2024,6.7,10.9,-4.2,13.93,80.7,0.04,6.7,4.44,0,0.07,48.7546,-122.4833
Whatcom Creek,03/13/2024,3.9,7.7,-3.8,,,,,,0,0.3,48.7546,-122.4833
Whatcom Creek,04/08/2024,8.7,10,-1.3,10.66,148.4,0.07,7.58,,100,,48.7546,-122.4833
Whatcom Creek,04/08/2024,8.7,10,-1.3,10.79,147.4,0.07,7.62,,0,,48.7546,-122.4833
Whatcom Creek,04/08/2024,8.7,10,-1.3,10.66,148.4,0.07,7.58,,100,,48.7546,-122.4833
Whatcom Creek,04/08/2024,8.7,10,-1.3,10.79,147.4,0.07,7.62,,0,,48.7546,-122.4833
Whatcom Creek,04/08/2024,,,,,,,,,,,48.7546,-122.4833
Whatcom Creek,04/08/2024,,,,,,,,,,,48.7546,-122.4833
Whatcom Creek,05/09/2024,12.7,16,-3.3,11.09,76.6,0.04,7.29,0,67,0,48.7546,-122.4833
Whatcom Creek,05/09/2024,12.6,18.5,-5.9,11.25,75,0.03,7.41,0,0,0,48.7546,-122.4833
Whatcom Creek,05/09/2024,,,,,,,,,,0,48.7546,-122.4833
Whatcom Creek,05/09/2024,,,,,,,,,,0,48.7546,-122.4833
Whatcom Creek,06/07/2024,14,19,-5,10.75,142.7,0.07,7.76,1.09,35,0,48.7546,-122.4833
Whatcom Creek,07/04/2024,17.3,20,-2.7,10.96,105.1,0.05,7.9,0,67,,48.7546,-122.4833
Whatcom Creek,08/03/2024,19.1,24.6,-5.5,10.4,148.5,0.07,8.18,0,167,0,48.7546,-122.4833
Whatcom Creek,09/03/2024,18,22.8,-4.8,10.18,177.6,0.09,8.26,0,200,0.2,48.7546,-122.4833
Whatcom Creek,09/03/2024,18.3,22.2,-3.9,10.34,175.4,0.09,8.43,0,200,0.2,48.7546,-122.4833
Whatcom Creek,10/11/2024,14.2,17,-2.8,10.24,69.1,0.03,,7.95,0,0,48.7546,-122.4833
Whatcom Creek,10/11/2024,14.1,10.2,3.9,10.33,65.6,0.03,6.7,9.23,0,0,48.7546,-122.4833
Whatcom Creek,11/08/2024,10.9,6.7,4.2,11.63,67.8,0.03,5.88,1.74,0,0,48.7546,-122.4833
Whatcom Creek,12/11/2024,7.4,4.4,3,12.76,69.4,0.03,8.12,,0,0,48.7546,-122.4833
Willow St,06/16/2022,15,16.1,-1.1,9.39,323.9,0.16,7.51,9,140,,48.7084,-122.5155
Willow St,07/27/2022,17.8,20.1,-2.3,7.4,3488,1.84,7.28,9,340,,48.7084,-122.5155
Willow St,08/15/2022,17.5,23.3,-5.8,6.65,3134,1.64,7.49,9,260,,48.7084,-122.5155
Willow St,11/07/2022,10,1.1,8.9,10.9,284.1,0.13,8.95,9,200,,48.7084,-122.5155
Willow St,12/05/2022,6.7,5.8,0.9,12.09,477,0.23,8.82,9,46,,48.7084,-122.5155
Willow St,01/03/2023,7.6,4.8,2.8,12.3,272.2,0.13,8.76,9,60,,48.7084,-122.5155
Willow St,02/15/2023,7.4,6.7,0.7,12.68,249.5,0.12,7.92,9,1,,48.7084,-122.5155
Willow St,02/15/2023,7.4,6.7,0.7,12.34,249.9,0.12,7.79,9,1,,48.7084,-122.5155
Willow St,03/15/2023,8.4,9,-0.6,12.95,288.8,0.14,7.27,9,100,,48.7084,-122.5155
Willow St,03/15/2023,8.3,9,-0.7,12.73,281.9,0.13,7.22,9,100,,48.7084,-122.5155
Willow St,04/11/2023,9.5,10,-0.5,11.98,475.1,0.23,8.61,9,55,,48.7084,-122.5155
Willow St,05/12/2023,13.9,21,-7.1,,458.4,0.22,7.23,9,20,,48.7084,-122.5155
Willow St,06/06/2023,14,21.1,-7.1,,1989,1.02,7.95,9,85,,48.7084,-122.5155